1,1610697636360,https://www.hawooo.com/user/productdetail.aspx?Default,test@hawooo.com,UserN1,Test1,0123456789,Male,19901111,MTK,PH,MY,12312323,,"Mozilla/5.0 (Windows NT 10.0; Win64; x64) AppleWebKit/537.36 (KHTML, like Gecko) Chrome/87.0.4280.141 Safari/537.36",,fb.1.1606786643657.1384939477,,2021-01-15 08:00:36.36,0
2,1610697640849,https://www.hawooo.com/user/productdetail.aspx?Default,test@hawooo.com,UserN2,Test2,0123456789,Male,19911111,MTK,PH,MY,12312323,,"Mozilla/5.0 (Windows NT 10.0; Win64; x64) AppleWebKit/537.36 (KHTML, like Gecko) Chrome/87.0.4280.141 Safari/537.36",,fb.1.1606786643657.1384939477,,2021-01-15 08:00:40.849,0
3,1610697645992,https://www.hawooo.com/user/productdetail.aspx?Default,test@hawooo.com,UserN3,Test3,0123456789,Male,19921111,MTK,PH,MY,12312323,,"Mozilla/5.0 (Windows NT 10.0; Win64; x64) AppleWebKit/537.36 (KHTML, like Gecko) Chrome/87.0.4280.141 Safari/537.36",,fb.1.1606786643657.1384939477,,2021-01-15 08:00:45.992,0
4,1610697649175,https://www.hawooo.com/user/productdetail.aspx?Default,test@hawooo.com,UserN4,Test4,0123456789,Male,19931111,MTK,PH,MY,12312323,,"Mozilla/5.0 (Windows NT 10.0; Win64; x64) AppleWebKit/537.36 (KHTML, like Gecko) Chrome/87.0.4280.141 Safari/537.36",,fb.1.1606786643657.1384939477,,2021-01-15 08:00:49.175,0
5,1610697656184,https://www.hawooo.com/user/productdetail.aspx?Default,test@hawooo.com,UserN5,Test5,0123456789,Male,19941111,MTK,PH,MY,12312323,,"Mozilla/5.0 (Windows NT 10.0; Win64; x64) AppleWebKit/537.36 (KHTML, like Gecko) Chrome/87.0.4280.141 Safari/537.36",,fb.1.1606786643657.1384939477,,2021-01-15 08:00:56.184,0
6,1610697659702,https://www.hawooo.com/user/productdetail.aspx?Default,test@hawooo.com,UserN6,Test6,0123456789,Male,19951111,MTK,PH,MY,12312323,,"Mozilla/5.0 (Windows NT 10.0; Win64; x64) AppleWebKit/537.36 (KHTML, like Gecko) Chrome/87.0.4280.141 Safari/537.36",,fb.1.1606786643657.1384939477,,2021-01-15 08:00:59.702,0
7,1610697664026,https://www.hawooo.com/user/productdetail.aspx?Default,test@hawooo.com,UserN7,Test7,0123456789,Male,19961111,MTK,PH,MY,12312323,,"Mozilla/5.0 (Windows NT 10.0; Win64; x64) AppleWebKit/537.36 (KHTML, like Gecko) Chrome/87.0.4280.141 Safari/537.36",,fb.1.1606786643657.1384939477,,2021-01-15 08:01:04.026,0
8,1610697667544,https://www.hawooo.com/user/productdetail.aspx?Default,test@hawooo.com,UserN8,Test8,0123456789,Male,19971111,MTK,PH,MY,12312323,,"Mozilla/5.0 (Windows NT 10.0; Win64; x64) AppleWebKit/537.36 (KHTML, like Gecko) Chrome/87.0.4280.141 Safari/537.36",,fb.1.1606786643657.1384939477,,2021-01-15 08:01:07.544,0
9,1610697671048,https://www.hawooo.com/user/productdetail.aspx?Default,test@hawooo.com,UserN9,Test9,0123456789,Male,19981111,MTK,PH,MY,12312323,,"Mozilla/5.0 (Windows NT 10.0; Win64; x64) AppleWebKit/537.36 (KHTML, like Gecko) Chrome/87.0.4280.141 Safari/537.36",,fb.1.1606786643657.1384939477,,2021-01-15 08:01:11.048,0
10,1610697698077,https://www.hawooo.com/user/productdetail.aspx?Default,test@hawooo.com,UserN10,Test10,0123456789,Male,19991111,MTK,PH,MY,12312323,,"Mozilla/5.0 (Windows NT 10.0; Win64; x64) AppleWebKit/537.36 (KHTML, like Gecko) Chrome/87.0.4280.141 Safari/537.36",,fb.1.1606786643657.1384939477,,2021-01-15 08:01:38.077,0
