1,1610697745151,Suppliment,registered,MYR,99.99,test@hawooo.com,Testing,Test,0123456789,Male,1990-11-11 11:11:00,MTK,PH,MY,12312323,,"Mozilla/5.0 (Windows NT 10.0; Win64; x64) AppleWebKit/537.36 (KHTML, like Gecko) Chrome/87.0.4280.141 Safari/537.36",,fb.1.1606786643657.1384939477,,2021-01-15 08:02:25.151,0
2,1610697748875,Suppliment,registered,MYR,99.99,test@hawooo.com,Testing,Test,0123456789,Male,1990-11-11 11:11:00,MTK,PH,MY,12312323,,"Mozilla/5.0 (Windows NT 10.0; Win64; x64) AppleWebKit/537.36 (KHTML, like Gecko) Chrome/87.0.4280.141 Safari/537.36",,fb.1.1606786643657.1384939477,,2021-01-15 08:02:28.875,0
3,1610697758048,Suppliment,registered,MYR,99.99,test@hawooo.com,Testing,Test,0123456789,Male,1990-11-11 11:11:00,MTK,PH,MY,12312323,,"Mozilla/5.0 (Windows NT 10.0; Win64; x64) AppleWebKit/537.36 (KHTML, like Gecko) Chrome/87.0.4280.141 Safari/537.36",,fb.1.1606786643657.1384939477,,2021-01-15 08:02:38.048,0
4,1610697761708,Suppliment,registered,MYR,99.99,test@hawooo.com,Testing,Test,0123456789,Male,1990-11-11 11:11:00,MTK,PH,MY,12312323,,"Mozilla/5.0 (Windows NT 10.0; Win64; x64) AppleWebKit/537.36 (KHTML, like Gecko) Chrome/87.0.4280.141 Safari/537.36",,fb.1.1606786643657.1384939477,,2021-01-15 08:02:41.708,0
5,1610697767564,Suppliment,registered,MYR,99.99,test@hawooo.com,Testing,Test,0123456789,Male,1990-11-11 11:11:00,MTK,PH,MY,12312323,,"Mozilla/5.0 (Windows NT 10.0; Win64; x64) AppleWebKit/537.36 (KHTML, like Gecko) Chrome/87.0.4280.141 Safari/537.36",,fb.1.1606786643657.1384939477,,2021-01-15 08:02:47.564,0
6,1610697770960,Suppliment,registered,MYR,99.99,test@hawooo.com,Testing,Test,0123456789,Male,1990-11-11 11:11:00,MTK,PH,MY,12312323,,"Mozilla/5.0 (Windows NT 10.0; Win64; x64) AppleWebKit/537.36 (KHTML, like Gecko) Chrome/87.0.4280.141 Safari/537.36",,fb.1.1606786643657.1384939477,,2021-01-15 08:02:50.96,0
7,1610697774960,Suppliment,registered,MYR,99.99,test@hawooo.com,Testing,Test,0123456789,Male,1990-11-11 11:11:00,MTK,PH,MY,12312323,,"Mozilla/5.0 (Windows NT 10.0; Win64; x64) AppleWebKit/537.36 (KHTML, like Gecko) Chrome/87.0.4280.141 Safari/537.36",,fb.1.1606786643657.1384939477,,2021-01-15 08:02:54.96,0
8,1610697778698,Suppliment,registered,MYR,99.99,test@hawooo.com,Testing,Test,0123456789,Male,1990-11-11 11:11:00,MTK,PH,MY,12312323,,"Mozilla/5.0 (Windows NT 10.0; Win64; x64) AppleWebKit/537.36 (KHTML, like Gecko) Chrome/87.0.4280.141 Safari/537.36",,fb.1.1606786643657.1384939477,,2021-01-15 08:02:58.698,0
9,1610697782282,Suppliment,registered,MYR,99.99,test@hawooo.com,Testing,Test,0123456789,Male,1990-11-11 11:11:00,MTK,PH,MY,12312323,,"Mozilla/5.0 (Windows NT 10.0; Win64; x64) AppleWebKit/537.36 (KHTML, like Gecko) Chrome/87.0.4280.141 Safari/537.36",,fb.1.1606786643657.1384939477,,2021-01-15 08:03:02.282,0
10,1610697806170,Suppliment,registered,MYR,99.99,test@hawooo.com,Testing,Test,0123456789,Male,1990-11-11 11:11:00,MTK,PH,MY,12312323,,"Mozilla/5.0 (Windows NT 10.0; Win64; x64) AppleWebKit/537.36 (KHTML, like Gecko) Chrome/87.0.4280.141 Safari/537.36",,fb.1.1606786643657.1384939477,,2021-01-15 08:03:26.17,0
