1,1610697745151,Suppliment,registered,MYR,919.99,test@hawooo.com,UserN1,Test1,0123456789,Male,19900111,MTK,PH,MY,12312323,,"Mozilla/5.0 (Windows NT 10.0; Win64; x64) AppleWebKit/537.36 (KHTML, like Gecko) Chrome/87.0.4280.141 Safari/537.36",,fb.1.1606786643657.1384939477,,2021-01-15 08:02:25.151,0
2,1610697748875,Suppliment,registered,MYR,993.99,test@hawooo.com,UserN2,Test2,0123456789,Male,19900211,MTK,PH,MY,12312323,,"Mozilla/5.0 (Windows NT 10.0; Win64; x64) AppleWebKit/537.36 (KHTML, like Gecko) Chrome/87.0.4280.141 Safari/537.36",,fb.1.1606786643657.1384939477,,2021-01-15 08:02:28.875,0
3,1610697758048,Suppliment,registered,MYR,992.99,test@hawooo.com,UserN3,Test3,0123456789,Male,19900311,MTK,PH,MY,12312323,,"Mozilla/5.0 (Windows NT 10.0; Win64; x64) AppleWebKit/537.36 (KHTML, like Gecko) Chrome/87.0.4280.141 Safari/537.36",,fb.1.1606786643657.1384939477,,2021-01-15 08:02:38.048,0
4,1610697761708,Suppliment,registered,MYR,991.99,test@hawooo.com,UserN4,Test4,0123456789,Male,19900411,MTK,PH,MY,12312323,,"Mozilla/5.0 (Windows NT 10.0; Win64; x64) AppleWebKit/537.36 (KHTML, like Gecko) Chrome/87.0.4280.141 Safari/537.36",,fb.1.1606786643657.1384939477,,2021-01-15 08:02:41.708,0
5,1610697767564,Suppliment,registered,MYR,199.99,test@hawooo.com,UserN5,Test5,0123456789,Male,19900511,MTK,PH,MY,12312323,,"Mozilla/5.0 (Windows NT 10.0; Win64; x64) AppleWebKit/537.36 (KHTML, like Gecko) Chrome/87.0.4280.141 Safari/537.36",,fb.1.1606786643657.1384939477,,2021-01-15 08:02:47.564,0
6,1610697770960,Suppliment,registered,MYR,299.99,test@hawooo.com,UserN6,Test6,0123456789,Male,19900611,MTK,PH,MY,12312323,,"Mozilla/5.0 (Windows NT 10.0; Win64; x64) AppleWebKit/537.36 (KHTML, like Gecko) Chrome/87.0.4280.141 Safari/537.36",,fb.1.1606786643657.1384939477,,2021-01-15 08:02:50.96,0
7,1610697774960,Suppliment,registered,MYR,399.99,test@hawooo.com,UserN7,Test7,0123456789,Male,19900711,MTK,PH,MY,12312323,,"Mozilla/5.0 (Windows NT 10.0; Win64; x64) AppleWebKit/537.36 (KHTML, like Gecko) Chrome/87.0.4280.141 Safari/537.36",,fb.1.1606786643657.1384939477,,2021-01-15 08:02:54.96,0
8,1610697778698,Suppliment,registered,MYR,499.99,test@hawooo.com,UserN8,Test8,0123456789,Male,19900811,MTK,PH,MY,12312323,,"Mozilla/5.0 (Windows NT 10.0; Win64; x64) AppleWebKit/537.36 (KHTML, like Gecko) Chrome/87.0.4280.141 Safari/537.36",,fb.1.1606786643657.1384939477,,2021-01-15 08:02:58.698,0
9,1610697782282,Suppliment,registered,MYR,599.99,test@hawooo.com,UserN9,Test9,0123456789,Male,19900911,MTK,PH,MY,12312323,,"Mozilla/5.0 (Windows NT 10.0; Win64; x64) AppleWebKit/537.36 (KHTML, like Gecko) Chrome/87.0.4280.141 Safari/537.36",,fb.1.1606786643657.1384939477,,2021-01-15 08:03:02.282,0
10,1610697806170,Suppliment,registered,MYR,699.99,test@hawooo.com,UserN10,Test10,0123456789,Male,19901011,MTK,PH,MY,12312323,,"Mozilla/5.0 (Windows NT 10.0; Win64; x64) AppleWebKit/537.36 (KHTML, like Gecko) Chrome/87.0.4280.141 Safari/537.36",,fb.1.1606786643657.1384939477,,2021-01-15 08:03:26.17,0
